,Reviews,Predicted_Sentiment
0,"
good plan  and great offer good plan and great offer good plan and great offer good plan and great offer

",Positive
1,"
Airtel DTH Service very good.... 1 year pack @ best price. Now i am enjoying the service 24 x 7. Now no need to wait for cable operator if my line was gone......

",Positive
2,"
Excellent one. Having lot of channels and more HD Channels As well. 

",Positive
3,"
Set top box is luk classy,crispy sound with dolby digital,nice purchase
But unhappy with airtel installation employee was in hurry ,like he is tata n birla company owner,dont want to give required assets to me contained in installation box

Happy from komparify
Unhappy from airtel employee

",Positive
4,"
Good quality video and audio...better than other dth services

",Positive
5,"
AirTel SD Box is a value for money.
And the Offers provided by Komparify are great.

",Positive
6,"
Its good and cool. Got a excellent package for my family containing all the channels which we were expecting.

",Positive
7,"
very nice service ..and also rate of dth is much lower than market price

",Positive
8,"
very good............ one of the best picture quality. And fast service, it within 1 day i get my DTH.

",Positive
9,"
I have been using various set top boxex, but I must say that the response time of airtel digital tv is way better than others....

",Positive
10,"
It is too good..better than tatasky
We liked the sports economy pack
.....airtel rocks


",Positive
11,"
Airtel gave best package compared to other Dth packages... Thanks to airtel

",Positive
12,"
Airtel DTH is awesome & reasonable price, picture & sound quality is better than other dth & airtel provide recording set top box on very low price. 

",Positive
13,"
I have experienced- Sun DTH, Videocon, Cable TV and now I am using Airtel Digital TV, I felt really good, its the best out of all. I am enjoying movies on HD, which I felt like watching in the theater and no interruptions, the quality is so good, you can't compare with any other. 

",Positive
14,"
OK GOOD QUALITY FOR SOUND. NICE EXPERIENCE FOR THE QUALITY OF THE PRODUCT

",Positive
15,"
I have personally used sun direct & Tata sky. But this time I gave a chance to Airtel. But they proved they are professionals in this sector. Really nice picture quality with my new 43 inch LED TV.

",Positive
16,"
Nice to see as it has all required service. Quality of signals also have great experience

",Positive
17,"
I have purchased Airtel DTH after a lot of research n responses on Google.
A lot of negative response was there but after talking face to face with some of airtel dth customer i come to know that it is very good service provider at all
I am using this last two week 
It is awesome picture quality al9ng with good sound and universal remote

Happy with Airtel dth service.

",Positive
18,"
im very thankful to komparify for their amazing service and amazing price for airtel digital tv. 

",Positive
19,"
The Airtel connection is a good buy. It's value for money and the customer service is quite good. Customer representative was very friendly and installation was smooth and done on time. HD video is amazing. The quantity of channels is decent as well. The interface is easy to use and doesn't lag at all compared to other competitors. I am quite satisfied. 

",Positive
20,"
                                                                                              nice working

",Positive
21,"
A very good conditioned,new and suitable set box for my need and my tv .

",Positive
22,"
Good Quality . Good Performance. Lots of HD channels.  Multiperpose Remote, we can use for both TV & Set top box. 

",Positive
23,"
ITS VERY GOOD CLARITY AND VIDEO AND AUDIO IS VERY GOOD AND THIS SET TOP BOX IS VERY GOOD CLARITY AND ITS VERY ESSAY TO BOOK THE ORDER  IN KOMPARIFY,COM AND ITS IS VERY CHEAP TO ANOTHER COMPANY'S   

",Positive
24,"
i got it with lower rate than local market. Installation completed speedily.Response is good. I would like to get offers via mail

",Positive
25,"
Mine is SD+ box and i love it. It comes with a universal remote too. Quite easy to use. So far no issues and works very smooth.

",Positive
26,"
Excellent. This set top boxis what i was looking for. It's real masterpiece i got. I am really enjoying. Every thing is just perfect. 

",Positive
27,"
The picture quality is great with amazing sound.
I would definitely recommend this to anyone looking for a new connection.

",Positive
28,"
I had my previous digital TV whose service was worst but I am very happy with airtel's fast and customer friendly service. I love the service and offers by Airtel.


",Positive
29,"
Airtel hd is best picture quality and sound.unversial remote is very nice.remote is working any direction u show till particular distance.

",Positive
30,"
Excellent Features. Easy to operate. Universal Remote is very good.

",Positive
31,"
GOOD. VERY NICE PRICE.NICE PICTURE.
NICE SOUND.LATEST MODEL INSTALLED BY AIR TEL .GOOD .


",Positive
32,"
i have never seen this type of dth in my life because its really gives a full strength of signal and witout fluctuating we are seeing marvellous channel.thanks alot

",Positive
33,"
It looks nice and compact. We can even record programs. ADTV is using very secure NDS videoguard encryption.Remote easy to program.

",Positive
34,"
Set top box is from Air tel - standard normal one.
I tried SD only not HD. IF you go with 32 inch models, better prefer HD

",Positive
35,"
Good setup box..clear transmission..nice customer service....cheaper...

",Positive
36,"
The set-top box provided by Airtel is absolutely user friendly and has got good additional features like recording and remote control programming. Overall I love the whole setup and the channels provided by Airtel.


",Positive
37,"
Thanks for quick installation.good picture quality. Set top box is also fine. Price is also less as compared to market.

",Positive
38,"
More Facilities than cable.Good HD quality in affordable price..sure I will recommend my friends to prefer HD STB ..

",Positive
39,"
Airtel Dth provides nice service, Monthly packs available on Dth are designed as per customers requirement.

",Positive
40,"
Best setup box i have ever seen. light weighted and easily adjustable anywhere in home with LED TV.

",Positive
41,"
Service provided by Airtel is Good. LOL. But the service engineer who installed my set Top box charged extra than shown price for excess wire.

",Positive
42,"
It was very good and was installed in just 3  hours from the order.

",Positive
43,"
Cute and powerful.. 

The set top box is beautiful and feature rich. The only problem that I feel about it is it doesn't allow remove scrambled channels.. All unwanted/unavailable channels will be in the list for ever. Otherwise I love it.

",Positive
44,"
Easy to use and installation was very easy. Done on the same day by airtel

",Positive
45,"
Quality of the picture is very good and it change my experience of matching TV. 

",Positive
46,"
It looks nice and compact. I am satisfied with Airtel digital TV and happy to recommend both Komparify and Airtel digital tv to friends. 

",Positive
47,"
The clarity is very good in Airtel and the service was very good.

",Positive
48,"
Airtel dth was good picture quality then others. In airtel setup box their is recording facility was also avaliable 


",Positive
49,"
IT IS VERY NICE AND RELEVANT TO USE , I RECOMMEND YOU ALL TO BUY THIS PRODUCT AND SO CHEAP TO BUY

",Positive
50,"
EXCELLENT SET TOP BOX. EASY TO HANDLE.WIDE RANGE OF CHANNELS.EXCELLANT PICTURE CLARITY.EASY TO LOT OF OFFERS.

",Positive
51,"
Thanks for airtel to give such a set top box.
its amazing and give good quality of picture quality

",Positive
52,"
It is troubleless device for viewing system to my own and my parent.

",Positive
53,"
Everything is simply easy. service is ""the best""
Everything is simply easy. service is ""the best""

",Positive
54,"
After placed an order , we got a call within 24 hrs from the airtel and they came in the evening around 7pm and fixed it properly. Service is good. I ordered through COD , 

",Positive
55,"
I had to searched a lot in the market for a better price. but I found it on Komparify only.

",Positive
56,"
Set top box is good with recording facility. Value for money.
Prompt & efficient installation from airtel

",Positive
57,"
its working very good and i am very comfortable with this...

",Positive
58,"
The overall experience was good & device is working very well.
This is a quality product...by work..by looks great

",Positive
59,"
The product is good and is delivered to me on same day i ordered.I am using it and i find it good.

",Positive
60,"
Hello friends I am using airtel dth in my house its working super & clarity. And  the service is very good. Any issues immediately we received the solution.

",Positive
61,"
I got good offer for my Airtel DTH from komparify. Thanks komparify.

",Positive
62,"
good service  through out the process.got installed in 1 working day.love to deal with u again komparify.u deserve 5 starts .

",Positive
63,"
Within One day the product is installed and make it ready.

Good one.

",Positive
64,"
Very Good picture Quality Airtel Dth Very Good product experience.

",Positive
65,"
Good mix of all the channels.Very good quality and pricing is also very competitive..

",Positive
66,"
It is nice and well in all types of service, signalling best quality and everything.
Even the people of Airtel came for installation also very 
nice service.


",Positive
67,"
Set top box is a very convenient and portable way of getting TV channel and it is extendable to other feature, also. 

",Positive
68,"
HD + - Amazing..
Works as sson as connected with HDMI of my TV

",Positive
69,"
viewing experience  in airtel hd+ is superb.  clarity is sharp and crisp. we can even record. very affordable package.  

",Positive
70,"
I thank the komparify.com team to give me good service in time installed the DTH set 

",Positive
71,"
Great set top box for the price offered by komparify. The set top box seems to be good, small and good in appearance with a good quality remote. 
Service technician Mr. Su's demo was superb.

",Positive
72,"
Great site to buy online on cash deliver,  thank you very much for giving me quick response 

",Positive
73,"
I believe there is everything what other DTH providers are providers providing with bonus of recording facility in this basic hardware :-)

",Positive
74,"
Great set top box for the price offered by komparify. The stb is good and fast with a nice universal remote. The software is great and fast. 

",Positive
75,"
Nice & easy manage & effective Channels by airtel DTH.it gives multiple features batter then others competitor. during bad weather its response is also good.you can manage your channels as per your requirement.good reasonable plan is available for airtel dth.the senseviity is very good between remote & setup BOX. i am using airtel DTh HD.

",Positive
76,"
it working much better than cable TV. i found a great experience after buying AIRTEL TV . All channel have great picture quality & voice quality in incredible. 

",Positive
77,"
it's fine. fully enjoying with our favourate channels.living in south but feeling happy to watch hindi channels.

",Positive
78,"
excellent service..installed on same day...COD is also available...iam surprised...nice customer care service...i liked their politeness

",Positive
79,"
This device is well worth.. very good service till day.. i have been using for 8 months now.

",Positive
80,"
It's great with many features!! Recording is so vivid and clear with dolby sound quality...

",Positive
81,"
It is working really great. Thanks to Komparify for giving such an offer.  I am really delighted with the service.

",Positive
82,"
Its a fast responsive set top box.  Great recording features. Good speed. Note you might have to call Customer Care if they accidentally apply a recording fee, Because there is no recording fee with this device. 

",Positive
83,"
I love the set up box easy to install and operate. Required channels are displayed in the guide which is very helpful.
People who do not know can also operate easily. 

",Positive
84,"
really its fantastic and super fast intsallation within a day i havent expected this much fast response

",Positive
85,"
This is good service provider comapare other DTH.Tata sky service is good and also HD quality is good.and i found komparify service is very good and ovarall my exp. is good with both of them.

",Positive
86,"
Tata sky is one of the best DTH across the country till now. The equipment quality including the dish antenna and set top box is premium. Channels are clear both HD and non-HD.
just go for it

",Positive
87,"
Price is cheap compared to other sites and the installation happened within a hour, that's amazing!!

",Positive
88,"
Excellent service by komparify & Tatsky .. Very fast service .. Expecting the same in future also ..

",Positive
89,"
Its in very good condition, Easy to operate and quality . Tata sky is one of the best DTH for the Television. The tata sky is available with various packs. The packs are like regional pack , sports pack , news pack , movies packs , dhamaal mix pack .

",Positive
90,"
Its good..but the remote very sensitive...

Would be better if we have kids channels in the basic pack 

",Positive
91,"
The Tata Sky SD set up box performing like a HD quality display and it's really worth of money. 

",Positive
92,"
Tata Sky is the best DTH in India !! , sound and picture quality is very good.
customer service delivery is fast. 

",Positive
93,"
Nice Setup box and very good picture quality.
Nice product and very less price compare to other dth product.

",Positive
94,"
its very good, i tried many dealers but they are taking time ti install, but here it was very response... i love it 

",Positive
95,"
The device was unpacked in front of us and is working fine.TATA SKY is the BEST

",Positive
96,"
Superb delivery within 5 hours installation and good costumer care service happy with tata sky.  

",Positive
97,"
Very fast service 
Quick installation 
Hassle free 
5 out of 5

",Positive
98,"
I booked around 11.30 AM . Im seeing TV  in New TataSky DTH BY 3.30PM 

Great service.

",Positive
99,"
Setup box is must for every home,its great and picture quality is simply superb...Im enjoying all my days...

",Positive
100,"
It was good and the service was excellent by Tata Sky. I totally recommend it at this rate.

",Positive
101,"
Nice service . Well working and nice picture display.They installed w8thin 12 hours. Customer service  and respone is very good.

",Positive
102,"
Picture quality is excellent. STB was installed within 2 hours of purchase. Simply Superb.!!

",Positive
103,"
Very good service & installation before time.:)
And very good picture quality.

",Positive
104,"
tata sky is the best.Komparify services is very good as tata sky.thatwhy i buy approx 5 to 6 tata sky settop box from komparify.

",Positive
105,"
i buyed a tata sky set top box..its working very good i got even  offer to watch a movie for free...love it!!!

",Positive
106,"
Very good picture quality                                                                                                                                                            

",Positive
107,"
I ordered and paid online and the DTH was installed at my place within 2 hours. Amazing speed. Amazing prices. Mind blown. Its a win win deal here. Go ahead buy it asap and save yourself some hard earned money.

",Positive
108,"
Good & Excellent , buying tata sky is an awesome experience with my mother language , and picture quality is awesome , Thank You TATA SKY .

",Positive
109,"
It was very good experience with tata sky dth connection and  very good support too.

",Positive
110,"
I ordered and paid online and the DTH was installed at my place within 2 hours. Amazing speed. Amazing prices. Mind blown.
Its a win win deal here.
Go ahead buy it asap and save yourself some hard earned money.

",Positive
111,"
It is very easy to purchase on Komparify....and its service is also good......i purchase tata sky within a minute they reply me...

",Positive
112,"
Network of Tata sky is the one of best DTH network for all costumers  ///

",Positive
113,"
Good quality  simple, low power consumption, great picture quality   

",Positive
114,"
Its a box which will have the channels so that we can select the channels via remote which is more confortable

",Positive
115,"
Amazing response, swift delivery, and master service. Thats it. Simply superb

",Positive
116,"
i bought tata sky sd connection..i am very much satisfied with their service.

",Positive
117,"
A small device with very good signal strength, it is too cool 

",Positive
118,"
As a trusted brand I am very happy to buy this product. Good picture quality and sound. Ready to help customer care.

",Positive
119,"
Good. I liked the SD product which I ordered. The service is smooth and without hiccups until now. Thanks to the whole team.

",Positive
120,"
The set Top Box was same as ordered and has awesome clarity. I have been using Tata Sky in past also, Tata Sky signals and performance is satisfactory.

",Positive
121,"
I am a subscriber of tatasky from last 3 years. I was happy with the services of tatasky  and channel clarity.

",Positive
122,"
Tata Sky SD Set Top Box was very small and its working very nice.

",Positive
123,"
Amazing product. Satisfied with TATA SKY STB. The viewing pleasure is all ours, thanks to Komparify. 

",Positive
124,"
Settop box gives freedom to choose my channels. Within my budget I can choose what I see and get free coupons for recharge also

",Positive
125,"
super fine high quality and nice trariff among all available dht in the market

",Positive
126,"
It is a beautiful combination of awesome sound and picture quality.overall the packs are good.cost is higher but support is too good! Nice experience!

",Positive
127,"
i had tata sky earlier and hence am going to go again .. no doubt they are best DTH service provider in india ***** :D

",Positive
128,"
The registration was easy. The technician from TaTa sky came within a day and installed the set. Customer service from komparify was also good.  

",Positive
129,"
Set top box is very basic but is value for money so no complaints. 

",Positive
130,"
Got Tata sky installed. Very good clarity. Very good service.

",Positive
131,"
good one................................................................................

",Positive
132,"
The Set Top Box was good and its working nicely. We are enjoying with the Set Top Box. We will refer the service to our colleagues and friends.

",Positive
133,"
Bought the SD box for viewing basic channels. Good enough for our old CRT TV.

",Positive
134,"
Its very good. Customer Service and Support is awesome from Tatasky.

",Positive
135,"
The functionality of the set top box is too good and the remote works efficiently

",Positive
136,"
nice tatasky connection with this site, good                                                    

",Positive
137,"
i like komparify service, its good experinac.
its very good in condition n service is also good


",Positive
138,"
I bought new Tata sky Set top Box two week before, and It was so good in picture quality and  other things as well. I'm  happy to buy this product.

",Positive
139,"
Its as I have ordered.immediate recharge done. Easy setup. Good service. No hassel

",Positive
140,"
Great service. Easy to deal with.. Follow up is great.tata sky showedvuo on time. No time wasted. 

",Positive
141,"
Set top box is truly good at all respect and this has satisfied me fully.

",Positive
142,"
Good Quality
Nice Picture
Better Support
Very Good Installation Service
Nice messages from Website about service support and recharge

",Positive
143,"
Been using TATA Sky for years in Delhi and the service is flawless. Moved to Indore and got one without giving it a second thought. 

",Positive
144,"
It is easy to use, and I esp. love the channel guide. It even has a USB port!

",Positive
145,"
The quality of the picture  is to good the clarity of voice is clear. I can watch channel in so many languages. I can watch moves channel without inter-put. I can make payment online from engraver. I can pay amount of the channel which I like.  Set top box portable. 

",Positive
146,"
I was looking for a cheaper set Top box.Komparify customer cate suggested me about Tatasky offer. The offer + product in one word --Marvellous!

",Positive
147,"
I feel fully satisfied with tatasky dth.100 percent  excellent dth.I recomend tata sky dth.

",Positive
148,"
It is working great and seems beautiful in look , i had a set up box before that of Tata Sky too but that was Not seems so as good as it. So thank u tata sky and komaprify.

",Positive
149,"
The best of all . You may be ending up paying a little more compared to other DTH boxes. But the service and the reliability is outstanding. Not the least sometimes the technicians are very not cooperative   and really irritating. 

",Positive
150,"
Quality is vast better than the local  cable network. Handy ease to operate

",Positive
151,"
I got the set of box with records in just below 1200 rs that's amazing. 

",Positive
152,"
I have been using it only for a day so I don't have much to write about it at this point in time.

",Positive
153,"
Its service is quite good and starting very 1st month free....thats nice ..!! SERVICE

",Positive
154,"
 I bought nice product @ reasonable cost.Its quality is also good.

",Positive
155,"
Its really awesome , i am enjoying recording with my pendrive, the set top box is to good with recording facility in this price. i am so happy.

",Positive
156,"
Reasonable Price for DISH and Recharges and Quality of Videos and Audios

",Positive
157,"
The set top box is too good with recording facility in this price. I m too happy.

",Positive
158,"
Set top box is awesome as expected with great quality from Dishtv with a lot of channels.

",Positive
159,"
 its really awesome ,enjoyed recording with pendrive.good picture quality.

",Positive
160,"
Box is brand new, can record anything i want. Now i will not miss any program. Recommended to all, must buy. Free recording.

",Positive
161,"
Set top box quality and the service provide by dish TV is excellent

",Positive
162,"
it is very easy to operate and giving very good quality of pictures

",Positive
163,"
Its working properly, very fast and easy installation, customer care is very good

",Positive
164,"
good quality, natural picture and good sound quality, very good service, really a reliable one .  package cost is affordable . no problem 

",Positive
165,"
Dish + recorder the best than any other available in India. It has recording facility with USB .Unlimited rec can be done.
DIsh Tv's pacakge is also reasonable.

",Positive
166,"
Nice one at affordable price great look design
Compact and light weight

",Positive
167,"
Excellent Set Top Box. It has very good recording facility. Picture quality is also very good.

",Positive
168,"
Set up box is good viewing quality is also very good I am having ordinary tv now after taking this I think I have  to change my tv for better digital quality. 

",Positive
169,"
yes, great one.
Very good for recording the channels to pen drive and view them later. Nice option to have when you miss any programs.

",Positive
170,"
It is best setup box compare to others. Service is good also.

",Positive
171,"
Very next day of order the set top box was installed & hd pack was activated.

Only problem is requested 2 regional language were not activated which i am sure will be done soon.

",Positive
172,"
Since I bought a 4K 42"" LED TV, I just wanted to go in for Tata Sky 4K UHD STB to have the best viewing pleasure.

",Positive
173,"

  Here is are the pros and cons of this product...Cons.1.Installation was done quickly but HD channels kept going off every 5 minutes without rain or clouds. I had to pay another man to set it properly.2. Any metal part of the STB is live and gives a nasty shock.3. Every time you press any button on the remote a small irritating square ad pops up4. There are many, many shopping channels and if you try to surf the channels these channels are cleverly hidden in between and every two or three clicks of the remote a shopping channel pops up.5. First month I enjoyed many HD channels, next month after recharging for same 280/- all HD and English channels disappeared.6. When I tried to calculate how much for the HD and missing Channels by going on the website, it came to 730/-7. There is a USB port for a 16GB pendrive but you have to pay 30/- extra per month to enable that.Pros1. Box is nice and stylish2. One can get a free new hairstyle simply by touching the metal parts of the box3. Good quality wire was used.Thinking of disconnecting and using another service.Other Satellite boxes are better especially TATA

",Positive
174,"

  One month free package is not same as shown in advertisement.They are cheating by offering lower grade package which has very few channels.Installation is OK. But you will feel cheated as they wont keep promise.

",Positive
175,"

  Now after using for 20 months I am writing this review. It's remote stopped working after 1 year and original remote costs 360 rupees. Videocon d2h service is very costly. If u have relocated and have brought ur antenna with you, the engineer will charge 450 rupees just to reinstall antenna. I don't recommend this.

",Positive
176,"

  Picture quality is good. Remote is not a RF remote, its just an IR remote. As per service person RF remotes are discontinued.But in d2h web displaying as India's first RF remote.  Bluetooth interface thru smart phone is pethetic. Audio streaming thru bluetooth is below average. Play - Pause features work only with pendrive. Recorded programmes can be played only in stb.Two stars are only for Amazon's sellar, who provided the item for less price than d2h. Even d2h CC is not aware of this & Service person couldn't believe it.

",Positive
177,"

  Over all good quality and package one month  but Hdmi cable not provided and RF remote not provided... so Rs 1449 pakage ptomise Rf remot and hdmi cable provide but not provide.. qulity... picture and one month pakage and fitting free provide but Rf remote and hdmi cable not provide

",Positive
178,"

  The antina/dish supplied with the d2h set top box is dish tv antena, I don't like that. The set top box and remote are new model, not that one shown in the picture. The new model remote and software are not comfert, many features available in the previous one are not in the new one. eg, account details not showing name, customer Id etc of the customer. The reason for this purchase is I have a better experience with the model shown in the picture. I am disappointing with the new model

",Positive
179,"

  customer service is very very poor I pay 450 for lnb repair and after one month again same problem arise. They ask again mony.Customer support is poor then Airtel.I have issue when relocation, charged 400 rs for only one side installation.IR remote consumes more battery and it's button cell so more expensive.I got problem after 1year in dish antenna they said 200rs for service charge for cheque and in Airtel they provide free service.

",Positive
180,"
Good build quality nice and compact with usb at front. HD channels are great to view loved it . overall i am satisfied. 

",Positive
181,"
Best rates available in Komparify. Don't think much..go for it! 

",Positive
182,"
Sturdy build of Set top Box. USB Device slot is at front (as against Dish TV which has it at the back), covered by a plastic flap. Outputs include HDMI as well as regular A/V (red/white wire) output but only HDMI wire is included.
Remote is also sturdier than Videocon and Dish TV.
Packages are inexpensive when compared to other DTH providers.
More importantly, the packages contain just the channels which I need and some additional channels compared to Dish TV. This may be very subjective because everyone's choice set is so different.
Video and audio signal are both excellent.
Full HD channels are awesome.
Channel switching time ~ 2-3 seconds or so.
Some kids' channels have overlapping audio in stereo mode, one has to select left channel audio only or right channel audio only to get a distinct language audio. For example, Track 1 audio may have Hindi in Left Channel and Tamil in Right Channel, and Track 2 may have Bengali in Left Channel and Telugu in Right Channel. If it is played in stereo mode, the audio will be a garbled mix of both the languages in that one track. So choose only left or right channel.
I'm not after advanced options like USB recording or scheduled recording etc. So I haven't checked out those so far. So far so good. I will readily recommend Sun Direct DTH for those seeking a no-nonsense inexpensive DTH service.

",Positive
183,"
Really good and clarity pictures... Excellent sound system. Great to have this sin hd..... Try in your place have a great experience in your Led Tv and enjoy

",Positive
184,"
THE BOX IS VERY GOOD LOOKING AND THE MENUS ARE EASY TO USE THE BOX AND ACCESSORIES ARE WELL BUILT AND QUALITY IS GOOD AND THE PICTURE CLARITY IS ALSO VERY GOOD ESPECIALLY HD.
PLEASE THIS MAINTAIN THIS 

",Positive
185,"
Sun Direct is a Cheaper Option, Service is good at my Area. Talking about HD, I'm not satisfied. HD Channels are not working most of the times due to poor signal. Stay if you are not budget conscious.

",Positive
186,"
Set top box picture performance, adding real refinement .Designed in conjunction with Pace, this set-top box can certainly perform

",Positive
187,"
Good box for Tamil pack for tamil customers with a good value.



",Positive
188,"
THIS IS THE BEST CLARITY BOTH AUDIO AND VIDEO COMPARED TO ANY OTHER DTH  SERVICE PROVIDERS I HAVE COME ACROSS. VERY EASY ACCESS TO MENUS AND EASY BUTTON FOR RECORDING. ALL HD CHANNELS ARE VERY CLEAR. OVERALL GOOD PURCHASE I AM SATISFIED

",Positive
189,"
Good quality of HD channel. If you want go with HD pack for average people please opt this one. 

",Positive
190,"
Very nice & lovely look of set top box. remote also have many option. worth for money.

",Positive
191,"
Great in quality set top box with HD recording and good remote control. Really enjoying the television thru this DTH.

",Positive
192,"
i thank komparify. it was easy to book and buy. Work done upto my satisfaction. We recommend komparify. 

",Positive
193,"
Quality product.fast delivery.fast instalation.best amount options i am really happy with komparify service..

",Positive
194,"
Set Top Box is very nice and working properly and meeting the all the custmer requirements

",Positive
195,"
Very good smart box , excellent HD clarity
easy menu to record & review with USB
Overall excellent

",Positive
196,"
Dear all,i purchased DTS setbox from komparify,i recieved the tested equipment   in time and they care about installation and service.its good responce form their side.

",Positive
197,"
Happy with the service but, HD was not activated n told that it takes 24hrs... but response is satisfied.. but setup box doesnt display the channel no.s. 

",Positive
198,"
Nice and smooth interface.. excellent build and very good picture quality.
remote is fine.

",Positive
199,"
Amazing expereince on buying with Komparify.. recomended for ever one. Fast reponse by the team 

",Positive
200,"
Its good .
every thing works well.
Free recoredr is good.


",Positive
201,"
initially was so scared about the site and set top box which i would receive, now feel very good about the product, service and price 

",Positive
202,"
The option selected is clear.
The payment is easy and clear ( less than the service provider)
Delivery was so quick.

",Positive
203,"
best picture quality, we didn't faced any issues till now. All channels working fine a listed. 

",Positive
204,"
Very quick and good support @@@ as well very neat installation keep up the good work

",Positive
205,"
it is one of the best product to buy any customer,and easy to operating and one more new option was there in this box recording option its very fantastic 

",Positive
206,"
The set top box have been best among all other dth services.It is very fine quality &  we needed more hd channels with more improved audio &video quality.

",Positive
207,"
excellent with less package
good picture quality
wide ranges of channels 

",Positive
208,"
Sun direct is good with quality and low prices. It have extra features like Recoding the programmes with high quality.  More over they coustermer care response is good.  

",Positive
209,"
good box with simple features. quality of the picture is awesome and best for southindia.

",Positive
210,"
hi...i am koteswararao yerra...Very good online purchasing experience, .i have purchased sun direct hd...It took only 3rd day from payment to installation of dish(in visakhapatnam...andhra pradesh), 

",Positive
211,"
Its clear picture and installation ,
there are multiple channels including sports channel

",Positive
212,"
Compared best plan on various DTH's operators and ordered best plan (which is cheaper compared to the sun direct website). Thanks Komparify for getting Rs.300 off while ordering online and the service is awesome.

",Positive
213,"
The set top box is really good compared to other recording feature is good and free of cost compared to other channel package is also good receives signal during rain only HD channels require high signal strength 
Over all Good Product for This Prics

",Positive
214,"
very clear picture in TV ,no disturbance.
Remainder. I am satisfy with it.


",Positive
215,"
before choosing Sun I have searched many sites and reviews and I saw very bad reviews in the net. but as of now am very happy with my decision. 
Since within one they installed and Activated the connection. I have selected Telugu World Package, but by mistake they activated Tamil World package. By contacting the sun team through the chat to change the package. They changed it within 10mins. I am very happy with this connection. Since none of the DTH provider is giving the regional channels with such a less amount. And also they are not charging any amount for the recording option(Videocon is charging 30/month). 

",Positive
216,"
Excellent Dish for the Price which I Have Paid.Right Product for Right Price.

",Positive
217,"
I got the sun direct best offer on Komparify and nowhere i found so competitive price - even the dealers were not near the price ..

",Positive
218,"
About set top box which is very new, opened sealed before me and they have installed. Also + of this is recorder, which is amazing option where i missed any important programs i can set reminder for recording.

Quality and trustworthy set top box. Cost-wise so good other than any other set top of box.

",Positive
219,"
its too good .really i wonder about the quality.
its good to watch in sun direct than cables.
one of most features is,I can record my fav song and movie even when i was in another channel.
Then i can play it later whenever i want.i can set my fav channel so that my time is getting minimized for searching.

",Positive
220,"
My experience with the Sun Direct SD is fantastic.  The Picture quality is very good & all the channels as per the brochure is available.    Initially there was No signal problem & the technician visited the house in 2 hours of complaining.

",Positive
221,"
GOOD, INSTALLED WITH ONE DAY WORKING WELL     .........................-------------------------------

",Positive
222,"
Sun direct is providing 16:9 ratio pictures with sd packages. Good to hear

",Positive
223,"I got a GTPL WiFi connection in first week of March, and it's been just few days I'm facing issues, somebody there's internet...",Positive
224,I have stopped using Hathway internet since Jan 2021 and also informed multiple people who called me to take away the router as i am shifting to new place. But they never heeded to my request and instead call me 3 times every day starting at 8 am in the morning. This is becoming very frustrating each day. I have 2 accounts in hathway and have to disconnect one.,Positive
225,They asked for payment when I was in need with urgent net connection coz of wfh. But they not gave any services. No one come for the connection for 2 days. I also visited main office . But still they not provide me assurity for connection . When I cancelled it now they are not refunding my money also .,Positive
226,"I have been cheated by Hathway Broad Band connection boasting itself that its the fastest speed network. Reality is the local broadband ppls connections is even more faster than HATHWAY. AM not able to browse YOUTUBE, GMAIL AND OTHER GOOGLE SERVICES. On enquiry they told that it is problem with google back end not with them. So my question is google back end problems arises only with so called hathway not with other broad band users. AM using airtel broadband, with simultaneous with HATHWAY not even a single day i could able to browse youtube. so planning to drop my connection with worst kind of HATHWAY SERVICES. 

bALAJI
[protected]",Positive
227,"Its been a month since i switched to better Broadband service, meanwhile Hathway telecallers make minimum 5 calls daily for...",Positive
228,"As I recharge my Den internet service, it is not working properly, not giving the perfect speed and sometimes the internet is well and sometime not. Most of the time it is not properly working. It is not the value for money.",Positive
229,"Dear team, 

Pls provide service delivery. 

From 2 days my cable network not available. 

After many calls to local person but no one asking call .

Pls resolve immediately.",Positive
230,"My name is Nishant Sethi, existing user of DEN Broadband with Username 'NISHANT5430'
I was facing internet connectivity issues with DEN on daily basis which was impacting my official work. I have now purchased a new Airtel Broadband Connection and requested DEN for disconnection of services and refund of money. They have denied to refund the money.
When I am not interested to use the services, why would my money not be refunded?

Please help in refunding amount of Rs 1000/-",Positive
231,I am from Delhi. I have Den cable services having sony and star package with total amount of Rs 295. But last month when I pay Rs 295 for our our den service they only provide 100 FtA channels no any pay channels or package which I have chosen from last two years. From Den website I got to know that total NCF plus Gst charge is Rs 154 for 100 FTA channel. So when I go to den cable operator they told my mother that charge have been rise and you have to pay Rs 350 for paid channels package. I just want to complain about their autocracy. This is not only don with me they also received extra money from many other people in locality.,Positive
232,"

  Best settop box from other dth

",Positive
233,"

  Best money I ever spent! I bought this for my parents who had a DishTV connection earlier. They got tired of spending money on channels they never watched. The dish antenna was already installed, so didn't need to purchase one.My father plugged in the cables and turned it on, but didn't understand what to do next. Over the phone I had him perform an auto-scan and all the channels got populated easily. It is showing a total of 128 channels right now.The picture and audio quality is quite satisfactory.

",Positive
234,"

  Nice product, good quality. The best DD Free Dish Set Top Box. Never purchase Chinese made set top box.It can sustain the voltage fluctuations due to invertor at our home.Shiny remote, nice texture. Complete value for money product.

",Positive
235,"

  Very very good product

",Positive
236,"

  When I purchase this items only 37 channel received. The customer care doesn't know how to set this setup box. After little afford I can add new sat-4 and search free channels ofter this setting I can able to see all free channels. In mpg 2 there is no wi fi support, no Bluetooth support,no recording support. No extra port is given in this setup box. So guys if we want to simply watch free channels on TV then we can buy.

",Positive
237,"

  Catvision set top box ( STB ) is very simple to use . The audio video connectors are colour coded and thus self explanatory. The leaflet supplied  in the package is adequate for  usage.  Power supply unit is standard  product. The existing dish antenna  can be connected to STB through the connector provided on it . The unit I received was pre-tuned for DD freedish channels which were available on Ch no 120 to 220 of the STB.  No tuning or adjustment of  any sort was needed for the product I received from amazon! A TV/ Radio button on the remote  can be used to choose between TV programmes of DD freedish or Akashvani radio channels . Thanks to Catvision for  such a simple as well as user friendly product and Amazon for prompt supply.

",Positive
238,"

  It's build quality is very poor. Port for connection from antenna got broken during fixing. Then called another person to check whole setup and he identified that port of this new box is damaged. Suggestion is to buy a better quality box or buy from local seller after checking quality with own hands.

",Positive
239,"

  this setup box works good for me. you can set it by your own... NO Issues till now regarding build quality, picture quality and with accessories. Go For It! You will not get any other setup box for dd free dish in the market which is cheaper than this, Made in India, and great quality.

",Positive
240,"
No issues as of now. Need to monitor the usage for another 3-6 months. 

",Neutral
241,"
Immediate set up by after order.it take only 10hrs including night.pleasant shopping with this site.I give 5 star.best site for purchase DTH and other.excellent service.

",Neutral
242,"
No complaints whatsoever.  Works as advertised. That's the reason I chose Airtel albeit the cost.

",Neutral
243,"
Thank U Komparify


.........................................................................
....................................................

",Neutral
244,"I have GTPL broadband internet connection and it is not working from 18 March 2021.
I have called custermer care but...",Neutral
245,I have informed multiple times to Hathaway that I am not in Bangalore and asked them to disconnect the service temporarily....,Neutral
246,"I am receiving phone call weekly thrice from Hathway broadband to avail their Broadband connection.

I requested...",Neutral
247,"My hathway account number:[protected]
Last year (January 2020), we stopped using the hathway broadband connection. We...",Neutral
248,The sales person has NOT mentioned like no security deposit refund if the connection is terminated before 3 yrs of network....,Neutral
249,I have disconnected the hathway broadband . I have called to customer care to stop the service but daily twice i'm getting...,Neutral
250,"Reversely off my amount done by tomorrow 
Hathway connection account number

[protected] please check n send me",Neutral
251,No sarvice from two days next time i will change den to another company,Neutral
252,This is to update you that i have got Den connection installed at my home on 2nd Jan'2021. Before the connection was installed...,Neutral
253,Austria non technical problem your setup box is not receiving a signal please submit a,Neutral
254,"No signal
[protected]",Neutral
255,My set up box is not working properly it's off after 1 day please help me,Neutral
256,"We switched on the set top box this morning but no signal and could not able watch any program

DEN SET TOP BOX NUMBER: 
[protected]

AR03F0101B[protected]",Neutral
257,"

  No display on channel number on setup box

",Neutral
258,"
The box is basic with a USB slot for plugging in a pen drive for recording live TV. However, the recording is in an encrypted format that cannot be played on any other device. the nifty feature is that the remote is universal, meaning you can teach it your TV's remote signals and use one remote for both the TV and the STB.

",Negative
259,"
looks small, weightless and I am provided by a very gud package

",Negative
260,"
I am using Airtel DTH connection from past 3 year. i am statified with their service and cost.

",Negative
261,"
I bought Standard definition connection.
The installation guy told that the building wire is bad, so we had to get a temporary wire though balcony. The installation guy was bad and was not ready to do clipping/wall mounting for wire. The total wire used for 38 m. Since 10 m is free, Need to pay 28 m * 12 which is 330 rs extra.


",Negative
262,"
Tatasky leads all other DTHs it has verygood offers and works at typical conditins as well..

",Negative
263,"
I am very sad when we are seeing the cable network now I think to install dish TV it was very in joyful. 

",Negative
264,"

  CAREFUL: Videocon cheats on Package. Installation and activation are very fast. But for channels as per package will not be provided. A BIG cheater. I am not getting channels as SUPER GOLD package listed in their site. Past one week I am struggling with issue. Customer care is poor. Not sure when this will be solved.

",Negative
265,"

  All things are going well but ask seller STB model first, which model seller providing us, disappointed after getting a old model HD3333-RF, you can see picture posted by me.

",Negative
266,"

  Don't be videocon. Bcoz I purchased two set up box. Both r getting problem. And videocon customer service also very poor

",Negative
267,"
Good product,best products than others DTH,already videcon DTH used very bad

",Negative
268,I cancelled subscription before 5 months with hathway due to their poor service and worst customer service and returned back...,Negative
269,"Still now installation is not done waste of time and money, seriously disappointed alot by your service . I will not recommend to anyone bad experience solve the problem soon the possibilities
Account on :[protected]",Negative
270,Hi my Hathaway account number [protected]. I stopped using their service long time back and I asked the Hathway team to disk...,Negative
271,I have get gtpl connection which advance payment I have done for 1.5 year due to issue in speed as I have change my router...,Negative
272,I am holding Hathway Account Number: [protected] and requested to terminate the service for the given account number since...,Negative
273,Please remove my number ([protected]) from your Hathway services. I am getting calls everyday for renewal of my account. I have already requested to cancel my services and submitted hathway router long back. still I am getting calls everyday from Hathway. This is really annoying.,Negative
274,"I had subscribed for half yearly plan on which I received 2 months extra. Thus subscription was for total 8 months.
After...",Negative
275,"They are irritating people who calls you 10 times in an hour asking you to recharge the plan. I have also told them to remove my connection as i am fed up with the calls i receive but still they don't cancel my connection and call me again for recharge.
Id : [protected]",Negative
276,"I have faced the connection fail issue at the date of my bill payment, I have never skipped any payment till date and they have collected the amount by door step every morning month. The guy in the local network office have some app which automatically put the connection on block at the bill date. I am working in niyt shift, connection goes fail when clock tick 12 am and my bill date comes up and my connection get blocked, I cannot work after that, I called the person in the office, no one picked the phone, I know it late still my work is more important to me, I keep calling one person took phone and speak very bad even I don't say a hello ... .. I had a worst servise, and this is not the first time . I will be discontinuing den broadband and cable soon, will express my bad experience to others too if I get wrong misbehavior once more ...",Negative
277,"Need my money back, I got 6 months recharge however the service was pathetic that I have to suffer every day at work. I am...",Negative
278,"Dear team

I am unable to login in any of the app like my den, den+, trai channel selector app with my RMN and VC no shows incorrect detail, kindly do the needful

VC no: N[protected]
RMN: [protected]

Ashish srivastava
[protected]",Negative
279,No signal since yesterday and almost every day the signal goes very worst service ever I received .first there is no signal for 2 days .worst service ðŸ˜ ,Negative
280,"Den Broadband is highly unreliable and useless services provider. Their staff is highly incompetent and services desk is always ready with excuse. 
Their downtime is more than 50 %, considering this their license for broadband services should be withdrawn.",Negative
281,"This is very inefficient I complained in the morning regarding the broken cable in my area and requested to repair as soon as possible because I am having online classes. 
I called the area engineer also regarding the same but despite all the requests/complaints there is no work done on ground. 
Please get it repaired as soon as possible, 
The kind of service I am getting these days are worst ever from your end

Regards
Pranav Dutt Gautam
PRANAV844
Mob. [protected]",Negative
282,Worst network among all service provider and the field executives at Kalamboli Navi Mumbai are even more worst than their network.Not even able to run 1mobile despite having connection for 15mbps. Den is looting the clients in the name of higher speed.,Negative
283,"Ojhar Nasik, AF camp Block 292/2, cable network is not coming from 03 Nov 20. Connectivity is also poor. Informed to local cable operator. Still trying. But it is to inform that soon the payment days is over you people disconnect the connection within no time. But when cable is down for so many days then no grace or extension period is given after informing the cable operator. The validity period may be extended till the cable is down.",Negative
284,"Internet drops(RTO) from last 4-5 days, since 1st Nov 2020. Due to which our VPN server could not establish the connection with remote server. Other applications are also not able to connect to their servers. Please check as we are having issue about whole day working hours. Our Public IP Address is 112.196.166.219.",Negative
285,"I have den broadband connection and i am very disappointed because the connection speed is very slow.
Most of the time...",Negative
286,"

  Picture quality is too bad, channel setting also not effective. not a usefull and updated set top box with such high price.

",Negative
